char,readings
一,いち;ひと;かず;いつ
二,に;ふた
九,く;きゅう;ここの
七,しち;なな;なの
人,にん;じん;ひと;と
入,にゅう;はい;い
八,はち;や;よう
力,りょく;りき;ちから
十,じゅう;とお
三,さん;み
上,じょう;うえ;あ;のぼ;うわ;かみ
下,か;げ;した;さ;くだ;お
口,こう;く;くち
大,たい;だい;おお;ひろ
女,じょ;おんな;め
山,さん;やま
川,せん;かわ
工,こう;く
刀,とう;かたな
土,ど;と;つち
千,せん;ち
夕,せき;ゆう
子,し;す;こ
小,しょう;ちい;こ;お
丁,ちょう;てい
了,りょう
又,また
丸,がん;まる
才,さい
中,ちゅう;なか
五,ご;いつ
六,ろく;む
円,えん;まる
天,てん;あま
手,しゅ;て;ず
文,ぶん;もん
日,にち;じつ;ひ;か;び
月,げつ;がつ;つき
木,もく;き;こ;ぼく
水,すい;みず
火,か;ひ;ほ
犬,けん;いぬ
王,おう
出,しゅつ;で;だ
右,ゆう;う;みぎ
四,し;よん;よ
左,さ;ひだり
本,ほん;もと
正,せい;しょう;ただ;まさ
玉,ぎょく;たま
田,でん;た
白,はく;しろ;しら
目,もく;め
石,せき;いし
立,りつ;りゅう;た
万,まん;ばん
今,こん;いま
元,げん;がん;もと
公,こう
内,ない;うち
分,ぶん;ふん;ぶ;わ
切,せつ;き
午,ご
友,ゆう;とも
太,たい;た;ふと;おお
少,しょう;すこ;すく
引,いん;ひ
心,しん;こころ
戸,こ;と
方,ほう;かた
牛,ぎゅう;うし
父,ふ;ちち;とう
毛,もう;け
止,し;と;や
兄,きょう;あに;にい
冬,とう;ふゆ
北,ほく;きた
半,はん;なか
古,こ;ふる
台,だい;たい
外,がい;そと;はず
市,し;いち
広,こう;ひろ
母,ぼ;はは;かあ
用,よう;もち
矢,し;や
世,せ;せい;よ
主,しゅ;おも;ぬし
他,た;ほか
代,だい;か;かわ;しろ
写,しゃ;うつ
去,きょ;こ;さ
号,ごう
央,おう
平,へい;ひょう;びょう;たい;ひら
打,だ;う;ぶ
氷,ひょう;こおり
申,しん;もう
皮,ひ;かわ
皿,さら
礼,れい
休,きゅう;やす
先,せん;さき;まず
名,めい;みょう;な
字,じ
年,ねん;とし
早,そう;はや;さ
気,き;け;いき
百,ひゃく;もも
竹,たけ
糸,し;いと
耳,じ;みみ
虫,ちゅう;き;むし
村,そん;むら
男,だん;おとこ;なん
町,ちょう;まち
花,か;け;はな
見,けん;み
貝,かい
赤,せき;あか
足,そく;あし;た
車,しゃ;くるま
不,ふ;ぶ
仕,し;つか
交,こう;まじ;ま;か
会,かい;あ
光,こう;ひかり;ひか
同,どう;おな
回,かい;まわ
多,た;おお
当,とう;あ
毎,まい;ごと
池,ち;いけ
米,べい;まい;こめ
羽,う;はね;は;わ
考,こう;かんが
肉,にく
自,じ;し
色,しき;しょく;いろ
行,こう;ぎょう;い;おこな;ゆ
西,せい;さい;にし
何,か;なに;なん
体,たい;からだ
作,さく;さ;つく
図,ず;と;え;はか
声,せい;こえ
売,ばい;う
弟,だい;で;てい;おとうと
形,けい;ぎょう;かた;かたち
来,らい;く
社,しゃ;やしろ
角,かく;かど;つの
言,げん;ごん;い;こと
谷,こく;たに;せ
走,そう;はし
近,きん;こん;ちか
里,り;さと
麦,ばく;むぎ
学,がく;まな
林,りん;はやし
空,くう;そら;あ;から;す
金,きん;かね
雨,う;あめ;あま
青,せい;しょう;あお
草,そう;くさ
音,おん;おと;ね
化,か;ば
地,ち;じ
両,りょう
全,ぜん;すべ;まった
向,こう;む;なた
安,あん;やす
州,しゅう
曲,きょく;ま
有,ゆう;う;あ
次,じ;つぎ
死,し;し
羊,よう;ひつじ
血,けつ;ち
京,きょう;みやこ
国,こく;くに
夜,や;よ;よる
妹,まい;いもうと
姉,し;お;あね;ねえ
店,てん;みせ
明,めい;あ;あか;あき
東,とう;ひがし
歩,ほ;ある;あゆ
画,が;かく
直,ちょく;じき;なお
知,ち;し
長,ちょう;なが;は
前,ぜん;まえ
南,なん;みなみ
室,しつ
後,ご;こう;うし;あと;のち
思,し;おも
星,せい;ほし
活,かつ;い
海,かい;うみ
点,てん;つ
科,か
茶,ちゃ;さ
食,しょく;た;く
首,しゅ;くび
欠,けつ;か
氏,し;うじ
由,ゆう;よし;よ;ゆ;ゆい
札,さつ;ふだ
民,みん;たみ
辺,へん;あた;べ
付,ふ;つ
以,い
失,しつ;うしな
必,ひつ;かなら
未,み;ま;いま;ひつじ
末,まつ;すえ
校,こう
夏,げ;か;が;なつ
家,か;け;いえ;や;うち
弱,じゃく;よわ
時,じ;とき
紙,し;かみ
記,き;しる
通,つう;とお;かよ
高,こう;たか
強,きょう;つよ
教,きょう;おし;おそ
理,り;ことわり
組,そ;くみ
船,せん;ふね
週,しゅう
雪,せつ;ゆき
魚,ぎょ;さかな
鳥,ちょう;とり
黄,おう;き
黒,こく;くろ
支,し;ささ
住,じゅう;す
助,じょ;たす;すけ
医,い
君,くん;きみ
対,たい
局,きょく
役,やく
投,とう;な
決,けつ;き
究,きゅう;きわ
身,しん;み
者,しゃ;もの
研,けん;と
馬,ば;うま
森,しん;もり
場,じょう;ば
朝,ちょう;あさ
番,ばん
答,とう;こた
絵,え
買,ばい;か
道,どう;みち
間,かん;けん;あいだ;ま
雲,うん;くも
数,すう;かぞ;かず
楽,らく;がく;たの
話,わ;はな;はなし
電,でん
所,しょ;ところ
事,じ;こと;つか
使,し;つか
具,ぐ
受,じゅ;う
和,わ;お;なご;やわ;かず;より
始,し;はじ
定,てい;じょう;さだ
実,じつ;み
服,ふく
泳,えい;およ
物,ぶつ;もつ;もの
苦,く;くる;にが
表,ひょう;あらわ;おもて
部,ぶ;へ
乗,じょう;の
客,きゃく
屋,おく;や
度,ど;たく;たび
待,たい;ま
持,じ;も
界,かい
発,はつ
相,そう;しょう;あい
県,けん
美,び;み;うつく
負,ふ;ま;お
送,そう;おく
重,じゅう;ちょう;おも;かさ;え
談,だん
要,よう;い;かなめ
勝,しょう;か
仮,か;かり
起,き;お
速,そく;はや
配,はい;くば
酒,しゅ;さけ;さか
院,いん
終,しゅう;おわ;お
習,しゅう;なら
転,てん;ころ
進,しん;すす
落,らく;お
葉,よう;は;ば
軽,けい;かる;かろ
運,うん;はこ
開,かい;あ;ひら
集,しゅう;あつ
飲,いん;の
業,ぎょう
漢,かん
路,ろ;じ;みち
農,のう
鉄,てつ
歌,か;うた
算,さん;そろ
聞,ぶん;もん;き
語,ご;かた
読,とう;どく;よ
鳴,めい;な
線,せん
横,おう;よこ
調,ちょう;しら
親,しん;おや;した
頭,ず;とう;あたま
顔,がん;かお
病,びょう;や;やまい
最,さい;もっと
争,そう;あらそ
仲,ちゅう;なか
伝,でん;つた;つて
共,きょう;とも
好,こう;す;この
成,せい;な
老,ろう
位,い;くらい
低,てい;ひく
初,しょ;はじ;はつ;そ;ぞ
別,べつ;わか
利,り;き
努,ど;つと
労,ろう;いたわ
命,めい;みょう;いのち
岸,がん;きし
放,ほう;はな;ほう
昔,むかし
波,は;なみ
注,ちゅう;そそ;さ;つ
育,いく;そだ;はぐく
拾,ひろ;しゅう
指,し;ゆび;さ
洋,よう
神,しん;かみ;じん
秒,びょう
級,きゅう
追,つい;お
戦,せん;たたか
競,きょう;きそ;けい
良,りょう;よ;い
功,こう
特,とく
便,べん;びん;たよ
働,どう;はたら
令,れい
意,い
味,み;あじ
勉,べん
庭,てい;にわ
息,そく;いき
旅,りょ;たび
根,こん;ね
流,りゅう;る;なが
消,しょう;き;け
倍,ばい
員,いん
島,とう;しま
祭,さい;まつり;まつ
章,しょう
第,だい
都,と;つ;みやこ
動,どう;うご
商,しょう;あきな
悪,あく;お;わる
族,ぞく
深,しん;ふか
球,きゅう;たま
童,どう
陽,よう;ひ;はる
階,かい
寒,かん;さむ
暑,しょ;あつ
期,き
植,しょく;う
歯,し;は
温,おん;あたた
港,こう;みなと
湯,とう;ゆ
登,とう;と;のぼ
着,ちゃく;き;つ
短,たん;みじか
野,や;の
泉,せん;いずみ
生,せい;しょう;い;なま;う;は;き
亡,ぼう;な
合,ごう;がっ;あ;あい
風,ふう;ふ;かぜ
予,よ;あらかじ
反,はん
々,のま
新,しん;あたら;あら;にい
返,へん;かえ
問,もん;と;とん
宿,しゅく;やど
想,そう
感,かん
整,せい;ととの
暗,あん;くら;くれ
様,よう;さま
橋,きょう;はし
福,ふく
緑,りょく;みどり
練,れん;ね
詩,し;うた
銀,ぎん
題,だい
館,かん
駅,えき
億,おく
器,き;うつわ
士,し;さむらい
料,りょう
標,ひょう;しるし
殺,さつ;ころ
然,ぜん;ねん;しか;さ
熱,ねつ;あつ
課,か
賞,しょう
輪,りん;わ
選,せん;えら
鏡,きょう;かがみ
願,がん;ねが;ねがい
養,よう;やしな
像,ぞう
情,じょう;なさけ
謝,しゃ;あやま
映,えい;うつ;は
疑,ぎ;うたが
皆,かい;みな;みんな
求,きゅう;もと
私,し;わたし
保,ほ;たも
試,し;こころ;ため
験,けん;ため;ためし
宝,ほう;たから
僕,ぼく
一,いち
一つ,ひとつ
七,なな;しち
七つ,ななつ
九,きゅう;く
九つ,ここのつ
二,に
二つ,ふたつ
人,ひと
二人,ふたり
一人,ひとり
アメリカ人,あめりかじん;アメリカじん
フランス人,ふらんすじん;フランスじん
入る,はいる
入れる,いれる
八,はち
八つ,やっつ
力,ちから
十,じゅう
三,さん
三つ,みっつ
三人,さんにん
上,うえ
上げる,あげる
上がる,あがる
上る,のぼる
下,した
下がる,さがる
下げる,さげる
下さい,ください
口,くち
入り口,いりぐち
大きい,おおきい
大きさ,おおきさ
大した,たいした
大人,おとな
女,おんな
山,やま
ふじ山,ふじさん
川,かわ
刀,かたな
土,つち
千,せん
一千,いっせん
夕べ,ゆうべ
女の子,おんなのこ
子,こ
女子,じょし
小さい,ちいさい
又,また
丸,まる
丸い,まるい
才,さい
中,なか
中々,なかなか
五月,ごがつ
五日,いつか
五十,ごじゅう
五つ,いつつ
五,ご
六つ,むっつ
六月,ろくがつ
六日,むいか
十六,じゅうろく
六,ろく
円,えん
千円,せんえん
円い,まるい
天,てん
天才,てんさい
手,て
下手,へた
上手,じょうず
文,ぶん
日,ひ
月,つき
十月,じゅうがつ
一月,いちがつ
二月,にがつ
木,き
水,みず
火,ひ
火山,かざん
犬,いぬ
子犬,こいぬ
王,おう
王子,おうじ
女王,じょおう
王女,おうじょ
出す,だす
出る,でる
出口,でぐち
右,みぎ
右手,みぎて
四,よん;し
四月,しがつ
四日,よっか
四つ,よっつ
四千,よんせん
四十,よんじゅう
左,ひだり
左手,ひだりて
本,ほん
日本,にほん;にっぽん
正しい,ただしい
正す,ただす
玉,たま
ビー玉,びーだま;ビーだま
玉ねぎ,たまねぎ
生まれる,うまれる
生む,うむ
生きる,いきる
生,なま
田,た
白,しろ
白人,はくじん
目,め
目玉,めだま
石,いし
立つ,たつ
立てる,たてる
一万,いちまん
二万,にまん
十万,じゅうまん
今,いま
今日,きょう
今月,こんげつ
元,もと
半分,はんぶん
分かる,わかる
分ける,わける
分,ふん;ぶん
切れる,きれる
大切,たいせつ
切る,きる
友人,ゆうじん
太い,ふとい
太る,ふとる
少し,すこし
少ない,すくない
引く,ひく
心,こころ
戸口,とぐち
方,かた;ほう
止まる,とまる
止める,とめる
中止,ちゅうし
毛,け
父,ちち
お父さん,おとうさん
牛,うし
兄,あに
お兄さん,おにいさん
冬,ふゆ
北,きた
半,はん
古い,ふるい
中古,ちゅうこ
一台,いちだい
二台,にだい
五台,ごだい
十台,じゅうだい
外,そと
外人,がいじん
外れ,はずれ
外れる,はずれる
市,し
市立,しりつ
シアトル市,しあとるし;シアトルし
広い,ひろい
母,はは
お母さん,おかあさん
用いる,もちいる
公用,こうよう
矢,や
休み,やすみ
休む,やすむ
休止,きゅうし
休日,きゅうじつ
先ず,まず
先,さき
先々月,せんせんげつ
先月,せんげつ
先日,せんじつ
先生,せんせい
名人,めいじん
名字,みょうじ
字,じ
太字,ふとじ
文字,もじ
一文字,いちもんじ
大文字,おおもじ
２０１１年,にせんじゅういちねん
年内,ねんない
年中,ねんじゅう
一年生,いちねんせい
少年,しょうねん
去年,きょねん
早い,はやい
早々,そうそう;はやばや
気,き
気に入る,きにいる
一気,いっき
気分,きぶん
人気,にんき
元気,げんき
天気,てんき
本気,ほんき
平気,へいき
一本気,いっぽんぎ
百万,ひゃくまん
四百,よんひゃく
五百,ごひゃく
二百,にひゃく
竹の子,たけのこ
竹,たけ
糸,いと
耳,みみ
耳打ち,みみうち
虫,むし
村,むら
村人,むらびと
男,おとこ
町,まち
花,はな
花火,はなび
花見,はなみ
見る,みる
見える,みえる
見せる,みせる
見分ける,みわける
見方,みかた
月見,つきみ
貝,かい
赤,あか
赤ちゃん,あかちゃん
足りる,たりる
足,あし
不足,ふそく
車,くるま
車内,しゃない
世,よ
二世,にせい
三世,さんせい
主に,おもに
主人,しゅじん
仕方,しかた
仕方がない,しかたがない
他,ほか
他人,たにん
代わる,かわる
一代,いちだい
代用,だいよう
写す,うつす
写る,うつる
号,ごう
中央,ちゅうおう
平ら,たいら
平日,へいじつ
打つ,うつ
一打,いちだ
氷,こおり
かき氷,かきごおり
申す,もうす
申し申し,もうしもうし;もしもし
皮,かわ
皿,さら
小皿,こざら
お礼,おれい
不正,ふせい
交ぜる,まぜる
大会,たいかい
会う,あう
光,ひかり
光年,こうねん
月光,げっこう
日光,にっこう
同じ,おなじ
同日,どうじつ
回,かい
回る,まわる
一回,いっかい
今回,こんかい
毎回,まいかい
多い,おおい
多分,たぶん
当たる,あたる
当たり,あたり
毎月,まいつき;まいげつ
毎日,まいにち
毎年,まいとし;まいねん
池,いけ
米,こめ
羽,はね
考え,かんがえ
考える,かんがえる
考え方,かんがえかた
肉,にく
牛肉,ぎゅうにく
皮肉,ひにく
自分,じぶん
自立,じりつ
色,いろ
色々,いろいろ
水色,みずいろ
行く,いく
行う,おこなう
行き,ゆき;いき
西,にし
北西,ほくせい
何千,なんぜん
何,なに;なん
何人,なんにん
何月,なんがつ
何日,なんにち
何年,なんねん
何回,なんかい
学ぶ,まなぶ
学生,がくせい
学年,がくねん
入学,にゅうがく
工学,こうがく
大学,だいがく
休学,きゅうがく
林,はやし
空気,くうき
空,そら
金,きん
金玉,きんたま
お金,おかね
雨,あめ
青い,あおい
青年,せいねん
草,くさ
音,おと
作る,つくる
体,からだ
体力,たいりょく
体内,たいない
作文,さくぶん
作用,さよう
工作,こうさく
大作,たいさく
図,ず
声,こえ
大声,おおごえ
売る,うる
売り上げ,うりあげ
売り切れ,うりきれ
売り手,うりて
弟,おとうと
兄弟,きょうだい
形,かたち
ハート形,はーとがた;ハートがた
来る,くる
来月,らいげつ
来年,らいねん
古来,こらい
外来,がいらい
年来,ねんらい
社内,しゃない
入社,にゅうしゃ
公社,こうしゃ
本社,ほんしゃ
会社,かいしゃ
角,かく;かど
三角,さんかく
四角,しかく
言う,いう
谷,たに
走る,はしる
走行,そうこう
近い,ちかい
近日,きんじつ
近年,きんねん
麦,むぎ
文化,ぶんか
地,ち
地下,ちか
土地,とち
地図,ちず
両手,りょうて
両日,りょうじつ
両方,りょうほう
全て,すべて
全力,ぜんりょく
全日本,ぜんにほん;ぜんにっぽん
安全,あんぜん
方向,ほうこう
安い,やすい
安心,あんしん
不安,ふあん
平安,へいあん
州,しゅう
九州,きゅうしゅう
本州,ほんしゅう
曲,きょく
名曲,めいきょく
有る,ある
有名,ゆうめい
次,つぎ
次回,じかい
目次,もくじ
年次,ねんじ
死ぬ,しぬ
死体,したい
死亡,しぼう
羊,ひつじ
羊毛,ようもう
血,ち
出血,しゅっけつ
国,くに
中国,ちゅうごく
天国,てんごく
全国,ぜんこく
四国,しこく
外国,がいこく
外国人,がいこくじん
米国,べいこく
夜,よる
今夜,こんや
姉妹,しまい
妹,いもうと
お姉さん,おねえさん
店,みせ
明るい,あかるい
不明,ふめい
東方,とうほう
東北,とうほく
中東,ちゅうとう
南東,なんとう
歩く,あるく
直す,なおす
直る,なおる
正直,しょうじき
直行,ちょっこう
長い,ながい
社長,しゃちょう
前,まえ
午前,ごぜん
南,みなみ
後ろ,うしろ
後で,あとで
午後,ごご
思う,おもう
星,ほし
生活,せいかつ
海,うみ
海外,かいがい
点,てん
科学,かがく
お茶,おちゃ
茶色,ちゃいろ
食べる,たべる
首,くび
足首,あしくび
首になる,くびになる
欠点,けってん
氏,し
氏名,しめい
自由,じゆう
理由,りゆう
札,さつ
千円札,せんえんさつ
国民,こくみん
辺り,あたり
この辺,このへん
付ける,つける
以外,いがい
以上,いじょう
以前,いぜん
失う,うしなう
失礼,しつれい
必ず,かならず
必死,ひっし
未だ,まだ
未来,みらい
末,すえ
年末,ねんまつ
月末,げつまつ
高校,こうこう
学校,がっこう
夏,なつ
夏休み,なつやすみ
家,いえ;うち
作家,さっか
弱い,よわい
弱点,じゃくてん
時,とき
一時,いちじ
二時半,にじはん
何時,なんじ
同時,どうじ
紙,かみ
手紙,てがみ
日記,にっき
通る,とおる
交通,こうつう
高い,たかい
強い,つよい
強力,きょうりょく
教える,おしえる
教室,きょうしつ
心理学,しんりがく
地理,ちり
組,くみ
船,ふね
風船,ふうせん
先週,せんしゅう
今週,こんしゅう
週末,しゅうまつ
雪,ゆき
魚,さかな
金魚,きんぎょ
海魚,かいぎょ;うみざかな
鳥,とり
白鳥,はくちょう
黄色,きいろ
黒い,くろい
黒人,こくじん
馬,うま
馬力,ばりき
支える,ささえる
支店,してん
住む,すむ
住人,じゅうにん
住民,じゅうみん
助ける,たすける
助力,じょりょく
助手,じょしゅ
助言,じょげん
医大,いだい
医学,いがく
医者,いしゃ
君主国,くんしゅこく
君,きみ
君,くん
対する,たいする
対外,たいがい
対立,たいりつ
反対,はんたい
局,きょく
支局,しきょく
役,やく
役人,やくにん
役に立つ,やくにたつ
大役,たいやく
決,けつ
決める,きめる
決心,けっしん
未決,みけつ
自決,じけつ
究明,きゅうめい
研究,けんきゅう
研究室,けんきゅうしつ
投げる,なげる
心身,しんしん
身体,しんたい;からだ
全身,ぜんしん
森,もり
両者,りょうしゃ
作者,さくしゃ
学者,がくしゃ
工学者,こうがくしゃ
場所,ばしょ
入場,にゅうじょう
工場,こうじょう;こうば
所,ところ
入所,にゅうしょ
出所,しゅっしょ;でどころ
他所,たしょ;よそ
名所,めいしょ
住所,じゅうしょ
朝,あさ
朝ごはん,あさごはん
朝日,あさひ
番号,ばんごう
一番,いちばん
二番,にばん
交番,こうばん
答え,こたえ
答える,こたえる
絵,え
買う,かう
道,みち
歩道,ほどう
道,どう
間,あいだ;ま
時間,じかん
間,かん
人間,にんげん
間もなく,まもなく
空間,くうかん
雲,くも
数える,かぞえる
数,かず
数字,すうじ
数学,すうがく
人数,にんずう
点数,てんすう
楽しい,たのしい
音楽,おんがく
楽,らく
話す,はなす
電話,でんわ
会話,かいわ
電車,でんしゃ
電気,でんき
電池,でんち
電子,でんし
電力,でんりょく
事,こと
用事,ようじ
工事,こうじ
大事,だいじ
返事,へんじ
食事,しょくじ
使う,つかう
道具,どうぐ
家具,かぐ
受ける,うける
和風,わふう
平和,へいわ
和食,わしょく
和室,わしつ
和服,わふく
始める,はじめる
始まる,はじまる
始めに,はじめに
予定,よてい
決定,けってい
実,じつ
事実,じじつ
実力,じつりょく
服,ふく
泳ぐ,およぐ
物,もの
本物,ほんもの
名物,めいぶつ
苦い,にがい
苦しい,くるしい
乗る,のる
乗せる,のせる
乗り物,のりもの
お客さん,おきゃくさん
客室,きゃくしつ
屋,や
部屋,へや
肉屋,にくや
茶屋,ちゃや
魚屋,さかなや
名古屋,なごや
今度,こんど
丁度,ちょうど
毎度,まいど
角度,かくど
度,ど
待つ,まつ
持つ,もつ
金持ち,かねもち
気持ち,きもち
世界,せかい
発売,はつばい
発音,はつおん
発見,はっけん
相談,そうだん
相手,あいて
県,けん
美しい,うつくしい
美人,びじん
負ける,まける
勝負,しょうぶ
勝つ,かつ
勝者,しょうしゃ
必勝,ひっしょう
楽勝,らくしょう
送る,おくる
放送する,ほうそうする
重い,おもい
重要,じゅうよう
体重,たいじゅう
二重,にじゅう
必要,ひつよう
要点,ようてん
仮に,かりに
仮名,かな
仮定,かてい
起きる,おきる
早速,さっそく
速度,そくど
配る,くばる
お酒,おさけ
日本酒,にほんしゅ;にっぽんしゅ
病院,びょういん
学院,がくいん
終わる,おわる
終点,しゅうてん
終了,しゅうりょう
最終,さいしゅう
習う,ならう
転がる,ころがる
自転車,じてんしゃ
運転する,うんてんする
転送,てんそう
回転,かいてん
進む,すすむ
進化,しんか
進行,しんこう
落ちる,おちる
青葉,あおば
軽い,かるい
運ぶ,はこぶ
運がいい,うんがいい
開ける,あける
公開,こうかい
開業,かいぎょう
開発,かいはつ
集める,あつめる
集中,しゅうちゅう
集金,しゅうきん
飲む,のむ
工業,こうぎょう
漢字,かんじ
道路,どうろ
線路,せんろ
路地,ろじ
農民,のうみん
農業,のうぎょう
地下鉄,ちかてつ
鉄人,てつじん
電鉄,でんてつ
歌,うた
歌手,かしゅ
算数,さんすう
算定する,さんていする
聞く,きく
新聞,しんぶん
日本語,にほんご
フランス語,ふらんすご;フランスご
スペイン語,すぺいんご;スペインご
物語,ものがたり
主語,しゅご
読む,よむ
読み方,よみかた
鳴く,なく
線,せん
横,よこ
調子,ちょうし
強調,きょうちょう
調べる,しらべる
親,おや
親しい,したしい
親切,しんせつ
親友,しんゆう
頭,あたま
顔,かお
顔付き,かおつき
病気,びょうき
病,びょう
病人,びょうにん
最も,もっとも
最高,さいこう
最後,さいご
最近,さいきん
四十二,よんじゅうに
争う,あらそう
戦争,せんそう
競争,きょうそう
仲間,なかま
仲,なか
仲直り,なかなおり
仲良し,なかよし
伝える,つたえる
共通点,きょうつうてん
共同,きょうどう
公共,こうきょう
共有,きょうゆう
好き,すき
友好,ゆうこう
成る,なる
成功,せいこう
老人,ろうじん
位,い
一位,いちい
首位,しゅい
低い,ひくい
最低,さいてい
初回,しょかい
最初,さいしょ
別の,べつの
別に,べつに
別人,べつじん
別々,べつべつ
特別,とくべつ
利く,きく
便利,べんり
努力,どりょく
労働,ろうどう
苦労,くろう
労働者,ろうどうしゃ
命,いのち
運命,うんめい
命令,めいれい
海岸,かいがん
放す,はなす
開放する,かいほうする
昔,むかし
電波,でんぱ
注ぐ,そそぐ;つぐ
注意,ちゅうい
注文,ちゅうもん
集中する,しゅうちゅうする
育つ,そだつ
教育,きょういく
拾う,ひろう
指す,さす
指,ゆび
小指,こゆび
指定する,していする
洋風,ようふう
洋服,ようふく
太平洋,たいへいよう
洋食,ようしょく
洋室,ようしつ
神,かみ
神道,しんとう
神社,じんじゃ
秒,びょう
高級,こうきゅう
初級,しょきゅう
中級,ちゅうきゅう
上級,じょうきゅう
追う,おう
戦い,たたかい
作戦,さくせん
戦車,せんしゃ
戦場,せんじょう
競う,きそう
良い,よい;いい
仲良く,なかよく
特に,とくに
不便,ふべん
便所,べんじょ
働く,はたらく
意見,いけん
意味,いみ
味,あじ
勉強,べんきょう
家庭,かてい
庭,にわ
息,いき
息子,むすこ
利息,りそく
旅,たび
旅行,りょこう
根,ね
根本,こんぽん;ねもと
屋根,やね
根気,こんき
大根,だいこん
流す,ながす
流行,りゅうこう;はやり
一流,いちりゅう
本流,ほんりゅう
消す,けす
倍,ばい
二倍,にばい
店員,てんいん
全員,ぜんいん
社員,しゃいん
会社員,かいしゃいん
広島,ひろしま
祭,まつり
文章,ぶんしょう
第二章,だいにしょう
第一,だいいち
第一位,だいいちい
東京都,とうきょうと
京都,きょうと
動く,うごく
動物,どうぶつ
運動,うんどう
商売,しょうばい
商人,しょうにん
悪い,わるい
悪人,あくにん
悪女,あくじょ
最悪,さいあく
家族,かぞく
民族,みんぞく
血族,けつぞく
深い,ふかい
深夜,しんや
水深,すいしん
最深,さいしん
球,たま;きゅう
野球,やきゅう
童話,どうわ
太陽,たいよう
一階,いっかい
二階,にかい
四十二階,よんじゅうにかい
寒い,さむい
暑い,あつい
期待,きたい
学期,がっき
時期,じき
植物,しょくぶつ
歯医者,はいしゃ
虫歯,むしば
歯,は
温かい,あたたかい
温泉,おんせん
温度,おんど
空港,くうこう
茶の湯,ちゃのゆ
湯気,ゆげ
登る,のぼる
登山,とざん
着る,きる
着く,つく
短い,みじかい
短刀,たんとう
短期,たんき
泉,いずみ
人口,じんこう
子牛,こうし
切手,きって
引き分け,ひきわけ
亡くなる,なくなる
人生,じんせい
男の子,おとこのこ
毛虫,けむし
下町,したまち
小文字,こもじ
男の人,おとこのひと
年,とし
今まで,いままで
冬休み,ふゆやすみ
毛糸,けいと
今すぐ,いますぐ
出来る,できる
方言,ほうげん
人形,にんぎょう
外来語,がいらいご
手作り,てづくり
東京,とうきょう
合う,あう
風,かぜ
当て字,あてじ
次々,つぎつぎ
向こう,むこう
曲がる,まがる
南米,なんべい
全米,ぜんべい
南口,みなみぐち
思い出,おもいで
近づく,ちかづく
思い出す,おもいだす
大学生,だいがくせい
言い方,いいかた
先回り,さきまわり
早口,はやくち
足りない,たりない
年上,としうえ
世の中,よのなか
代わり,かわり
今年,ことし;こんねん
代える,かえる
年下,としした
近々,ちかぢか;きんきん;ちかじか
青空,あおぞら
小学生,しょうがくせい
作り方,つくりかた
中学生,ちゅうがくせい
不人気,ふにんき
見直す,みなおす
全く,まったく
長さ,ながさ
安売り,やすうり
この前,このまえ
東口,ひがしぐち
お知らせ,おしらせ
名前,なまえ
出来上がる,できあがる
曲げる,まげる
交じる,まじる
走り回る,はしりまわる
当てる,あてる
交わる,まじわる
化ける,ばける
回す,まわす
小学校,しょうがっこう
通り,とおり
気を付けて,きをつけて
新しい,あたらしい
高校生,こうこうせい
中学校,ちゅうがっこう
付く,つく
見付ける,みつける
弱虫,よわむし
弱々しい,よわよわしい
欠ける,かける
目医者,めいしゃ
一番目,いちばんめ
仕返し,しかえし
高さ,たかさ
楽しみ,たのしみ
向け,むけ
研究所,けんきゅうしょ;けんきゅうじょ
近道,ちかみち
助かる,たすかる
返る,かえる
楽しむ,たのしむ
決まる,きまる
投げ付ける,なげつける
化かす,ばかす
話,はなし
向く,むく
乗り場,のりば
使い方,つかいかた
仕事,しごと
名,な
負け犬,まけいぬ
勝ち,かち
決定する,けっていする
出会う,であう
苦しむ,くるしむ
気付く,きづく
見送る,みおくる
時々,ときどき
受付,うけつけ
買い物,かいもの
苦手,にがて
白黒,しろくろ
酒好き,さけずき
酒飲み,さけのみ
鳴き声,なきごえ
飲み物,のみもの
聞こえる,きこえる
心配事,しんぱいごと
音読み,おんよみ
東,ひがし
返す,かえす
問題,もんだい
疑問,ぎもん
力士,りきし
宿題,しゅくだい
新宿,しんじゅく
事情,じじょう
人情,にんじょう
情け,なさけ
予想,よそう
回想,かいそう
思想,しそう
飲み会,のみかい
運転手,うんてんしゅ
落ち葉,おちば
父親,ちちおや
母親,ははおや
三番目,さんばんめ
見返る,みかえる
話し方,はなしかた
転ぶ,ころぶ
集まる,あつまる
落とす,おとす
終わり,おわり
終電,しゅうでん
開く,あく
起こる,おこる
心配する,しんぱいする
心配,しんぱい
鳴る,なる
歌う,うたう
勝手,かって
初めに,はじめに
初めて,はじめて
神風,かみかぜ
手伝う,てつだう
左利き,ひだりきき
体育,たいいく
右利き,みぎきき
育てる,そだてる
追い付く,おいつく
戦う,たたかう
追いかける,おいかける
注文する,ちゅうもんする
大好き,だいすき
伝わる,つたわる
放れる,はなれる
整然,せいぜん
入館料,にゅうかんりょう
料金,りょうきん
暗い,くらい
暗殺,あんさつ
暗記,あんき
様,さま
様々,さまざま
皆様,みなさま
目標,もくひょう
橋,はし
殺す,ころす
殺人,さつじん
自殺,じさつ
全然,ぜんぜん
当然,とうぜん
自然,しぜん
情熱,じょうねつ
熱,ねつ
熱い,あつい
熱心,ねっしん
皆さん,みなさん
緑,みどり
緑色,みどりいろ
詩,し
詩人,しじん
詩歌,しいか;しか
課長,かちょう
賞金,しょうきん
選ぶ,えらぶ
選手,せんしゅ
水銀,すいぎん
銀,ぎん
銀色,ぎんいろ
銀行,ぎんこう
鏡,かがみ
放題,ほうだい
話題,わだい
お願いします,おねがいします
心願,しんがん
旅館,りょかん
本館,ほんかん
駅,えき
駅前,えきまえ
駅員,えきいん
駅長,えきちょう
里,さと
里心,さとごころ
都合,つごう
求める,もとめる
求人,きゅうじん
心理,しんり
私,わたし;わたくし
私生活,しせいかつ
私立,しりつ
私鉄,してつ
保持,ほじ
生保,せいほ
保つ,たもつ
私自身,わたしじしん;わたくしじしん
不良,ふりょう
整理,せいり
私立大学,しりつだいがく
要求,ようきゅう
要求する,ようきゅうする
消化,しょうか
イギリス人,いぎりすじん;イギリスじん
気持ちいい,きもちいい
運,うん
私大,しだい
試みる,こころみる
試す,ためす
試食,ししょく
体験,たいけん
受験,じゅけん
実験,じっけん
試験,しけん
入学試験,にゅうがくしけん
意外,いがい
開始,かいし
発表,はっぴょう
表す,あらわす
広がる,ひろがる
曲線,きょくせん
出発,しゅっぱつ
気温,きおん
前回,ぜんかい
時代,じだい
本当,ほんとう
本当に,ほんとうに
宿,やど
内,うち
身,み
宝,たから
宝石,ほうせき
国宝,こくほう
社会,しゃかい
宝くじ,たからくじ
明日,あした;あす;みょうにち
空車,くうしゃ
丁目,ちょうめ
本屋,ほんや
一歩,いっぽ
階,かい
付き,つき
台,だい
三百,さんびゃく
都市,とし
言語,げんご
地上,ちじょう
全部,ぜんぶ
時,じ
万人,ばんにん
味方,みかた
天使,てんし
人,にん
発売中,はつばいちゅう
速い,はやい
北海道,ほっかいどう
新年,しんねん
足す,たす
要る,いる
車両,しゃりょう
対談,たいだん
食べ物,たべもの
波,なみ
言葉,ことば
丁度いい,ちょうどいい
別れる,わかれる
共有する,きょうゆうする
保持する,ほじする
僕,ぼく
地球,ちきゅう
通う,かよう
二日,ふつか
人々,ひとびと
少女,しょうじょ
万,まん
赤い,あかい
白い,しろい
百,ひゃく
会,かい
早く,はやく
死,し
姉,あね
室,しつ
大きく,おおきく
近く,ちかく
向ける,むける
お前,おまえ
部,ぶ
部分,ぶぶん
千葉,ちば
思わず,おもわず
立ち飲み,たちのみ
田代島,たしろじま
表情,ひょうじょう
人工,じんこう
一日,いちにち;ついたち
七日,なのか
三日,みっか
二十日,はつか
草地,くさち
台風,たいふう
考古学,こうこがく
地中海,ちちゅうかい
毎朝,まいあさ
不自由,ふじゆう
教え,おしえ
表,おもて
作業,さぎょう
病む,やむ
中指,なかゆび
屋上,おくじょう
支度,したく
用意,ようい
会員,かいいん
船員,せんいん
都会,とかい
女神,めがみ;じょしん
九日,ここのか
八日,ようか
十日,とおか
一生,いっしょう
国王,こくおう
水星,すいせい
金星,きんせい
売れる,うれる
船体,せんたい
当たり前,あたりまえ
水道,すいどう
付近,ふきん
欠かす,かかす
見物,けんぶつ
入院,にゅういん
葉,は
予め,あらかじめ
平仮名,ひらがな
文字通り,もじどおり
島,しま
落ち,おち
陽気,ようき
学問,がくもん
用,よう
仕草,しぐさ
生える,はえる
形,けい
土星,どせい
活気,かっき
号室,ごうしつ
大空,おおぞら
見当たる,みあたる
三角形,さんかくけい;さんかっけい
活用形,かつようけい
役場,やくば
点ける,つける
何度,なんど
泳ぎ,およぎ
記事,きじ
口調,くちょう
語る,かたる
初歩,しょほ
新た,あらた
西洋,せいよう
期間,きかん
行動,こうどう
集まり,あつまり
想定,そうてい
水中,すいちゅう
丸ごと,まるごと
外交,がいこう
生まれ,うまれ
地中,ちちゅう
活用,かつよう
一体,いったい
小声,こごえ
辺,へん
役目,やくめ
生地,きじ
火事,かじ
通す,とおす
台所,だいどころ
農場,のうじょう
別,べつ
心持ち,こころもち
昔話,むかしばなし
見事,みごと
植える,うえる
親分,おやぶん
顔文字,かおもじ
王様,おうさま
大人しい,おとなしい
出かける,でかける
大体,だいたい
海王星,かいおうせい
以下,いか
番組,ばんぐみ
部室,ぶしつ
大学院,だいがくいん
親指,おやゆび
大学院生,だいがくいんせい
左右,さゆう
大気,たいき
町民,ちょうみん
文学,ぶんがく
知る,しる
来週,らいしゅう
科目,かもく
生物,せいぶつ
家事,かじ
今朝,けさ
港,みなと
神様,かみさま
入力,にゅうりょく
戸,と
女の人,おんなのひと
本来,ほんらい
手首,てくび
光る,ひかる
数年,すうねん
絵文字,えもじ
部首,ぶしゅ
近所,きんじょ
足し算,たしざん
引き算,ひきざん
生物学,せいぶつがく
指先,ゆびさき
湯,ゆ
活動,かつどう
札,ふだ
以後,いご
使用,しよう
番号札,ばんごうふだ
特選,とくせん
投手,とうしゅ
伝記,でんき
祭日,さいじつ
着々,ちゃくちゃく
斤,きん
斤,きん
一斤,いっきん
二斤,にきん